x,y
0,0
1,0.8414709848
2,0.9092974268
3,0.1411200081
4,-0.7568024953
5,-0.9589242747
6,-0.2794154982
7,0.6569865987
8,0.9893582466
9,0.4121184852
10,-0.5440211109
11,-0.9999902066
12,-0.536572918
13,0.4201670368
14,0.9906073557
15,0.6502878402
16,-0.2879033167
17,-0.9613974919
18,-0.7509872468
19,0.1498772097
20,0.9129452507
21,0.8366556385
22,-0.0088513093
23,-0.8462204042
24,-0.905578362
25,-0.1323517501
26,0.7625584505
27,0.9563759284
28,0.2709057883
29,-0.6636338842
30,-0.9880316241
31,-0.4040376453
32,0.5514266812
33,0.9999118601
34,0.5290826861
35,-0.4281826695
36,-0.9917788534
37,-0.6435381334
38,0.2963685787
39,0.9637953863
40,0.7451131605
41,-0.1586226688
42,-0.9165215479
43,-0.8317747426
44,0.0177019251
45,0.8509035245
46,0.9017883476
47,0.1235731227
48,-0.7682546613
49,-0.9537526528
50,-0.2623748537
51,0.6702291758
52,0.986627592
53,0.3959251502
54,-0.5587890489
55,-0.9997551734
56,-0.5215510021
57,0.4361647552
58,0.9928726481
59,0.6367380071
60,-0.3048106211
61,-0.96611777
62,-0.7391806966
63,0.1673557003
64,0.9200260382
65,0.8268286795
66,-0.026551154
67,-0.855519979
68,-0.8979276807
69,-0.1147848138
70,0.7738906816
71,0.9510546533
72,0.2538233628
73,-0.6767719569
74,-0.9851462605
75,-0.3877816354
76,0.5661076369
77,0.9995201586
78,0.513978456
79,-0.4441126687
80,-0.9938886539
81,-0.6298879943
82,0.3132287824
83,0.9683644611
84,0.7331903201
85,-0.1760756199
86,-0.923458447
87,-0.8218178366
88,0.0353983027
89,0.8600694058
90,0.8939966636
91,0.1059875118
92,-0.7794660696
93,-0.9482821413
94,-0.2452519855
95,0.6832617147
96,0.9835877454
97,0.379607739
98,-0.573381872
99,-0.9992068342
100,-0.5063656411
101,0.4520257872
102,0.9948267914
103,0.6229886314
104,-0.3216224032
105,-0.9705352835
106,-0.7271425001
107,0.1847817446
108,0.9268185054
109,0.8167426066
110,-0.0442426781
111,-0.8645514486
112,-0.8899956044
113,-0.0971819059
114,0.7849803887
115,0.945435334
116,0.2366613934
117,-0.6896979409
118,-0.981952169
119,-0.3714041014
120,0.5806111842
121,0.9988152247
122,0.4987131539
123,-0.4599034907
124,-0.9956869869
125,-0.6160404592
126,0.3299908257
127,0.9726300672
128,0.7210377105
129,-0.193473392
130,-0.9301059502
131,-0.8116033871
132,0.0530835871
133,0.8689657562
134,0.8859248165
135,0.0883686861
136,-0.7904332067
137,-0.9425144546
138,-0.2280522595
139,0.6960801312
140,0.9802396594
141,0.3631713654
142,-0.5877950072
143,-0.9983453609
144,-0.4910215939
145,0.467745162
146,0.9964691731
147,0.6090440219
148,-0.3383333943
149,-0.9746486481
150,-0.7148764296
151,0.2021498814
152,0.9333205237
153,0.8064005808
154,-0.0619203373
155,-0.8733119828
156,-0.8817846188
157,-0.0795485429
158,0.7958240965
159,0.9395197317
160,0.2194252584
161,-0.7024077856
162,-0.9784503508
163,-0.3549101758
164,0.594932778
165,0.9977972794
166,0.4832915637
167,-0.4755501869
168,-0.9971732888
169,-0.6019998677
170,0.3466494555
171,0.9765908679
172,0.7086591402
173,-0.2108105329
174,-0.9364619743
175,-0.8011345952
176,0.0707522361
177,0.8775897878
178,0.8775753358
179,0.0707221672
180,-0.8011526357
181,-0.9364514001
182,-0.2107810659
183,0.7086804082
184,0.9765843833
185,0.3466211801
186,-0.6020239376
187,-0.9971710234
188,-0.475523669
189,0.4833179537
190,0.9977992787
191,0.5949085485
192,-0.3549383577
193,-0.9784565746
194,-0.7023863293
195,0.219454668
196,0.9395300556
197,0.7958058429
198,-0.0795785917
199,-0.8817988361
200,-0.8732972972
201,-0.0618902507
202,0.8064184069
203,0.9333097002
204,0.2021203593
205,-0.7148975078
206,-0.9746419031
207,-0.3383050275
208,0.6090679302
209,0.9964666418
210,0.4677185183
211,-0.4910478539
212,-0.9983470938
213,-0.5877706198
214,0.3631994514
215,0.980245622
216,0.6960584883
217,-0.2280816094
218,-0.9425245273
219,-0.7904147415
220,0.0883987125
221,0.8859387979
222,0.8689508382
223,0.0530534853
224,-0.8116209974
225,-0.930094878
226,-0.1934438172
227,0.7210585971
228,0.9726230625
229,0.3299623697
230,-0.6160642041
231,-0.9956841898
232,-0.4598767232
233,0.4987392818
234,0.9988166912
235,0.580586641
236,-0.3714320894
237,-0.9819578698
238,-0.6896761132
239,0.2366906813
240,0.9454451549
241,0.7849617133
242,-0.0972119075
243,-0.8900093489
244,-0.8645362993
245,-0.0442125632
246,0.8167599996
247,0.9268071855
248,0.1847521192
249,-0.7271631934
250,-0.9705280195
251,-0.3215938603
252,0.623012211
253,0.9948237287
254,0.4519988981
255,-0.5063916349
256,-0.9992080341
257,-0.5733571748
258,0.3796356268
259,0.9835931839
260,0.6832397038
261,-0.2452812091
262,-0.9482917095
263,-0.7794471855
264,0.1060174863
265,0.8940101701
266,0.8600540265
267,0.0353681773
268,-0.821835011
269,-0.9234468802
270,-0.1760459465
271,0.7332108186
272,0.9683569384
273,0.3132001549
274,-0.6299114067
275,-0.9938853259
276,-0.44408566
277,0.5140043137
278,0.9995210918
279,0.5660827877
280,-0.3878094208
281,-0.9851514363
282,-0.6767497645
283,0.2538525198
284,0.9510639681
285,0.7738715902
286,-0.1148147588
287,-0.8979409481
288,-0.8555043708
289,-0.0265210203
290,0.8268456339
291,0.9200142255
292,0.167325981
293,-0.7392009988
294,-0.9661099893
295,-0.3047819111
296,0.6367612506
297,0.992869055
298,0.4361376291
299,-0.5215767216
300,-0.9997558399
301,-0.5587640496
302,0.395952831
303,0.9866325048
304,0.6702068038
305,-0.2624039419
306,-0.9537617135
307,-0.7682353642
308,0.123603036
309,0.901801375
310,0.8508876887
311,0.0176717855
312,-0.8317914758
313,-0.9165094902
314,-0.158592906
315,0.7451332646
316,0.9637873481
317,0.2963397885
318,-0.643561206
319,-0.9917749956
320,-0.4281554281
321,0.5291082655
322,0.9999122599
323,0.5514015339
324,-0.4040652195
325,-0.9880362735
326,-0.6636113342
327,0.2709348053
328,0.9563847343
329,0.7625389492
330,-0.1323816292
331,-0.9055911482
332,-0.8462043419
333,-0.0088211661
334,0.8366721491
335,0.9129329489
336,0.1498474057
337,-0.7510071513
338,-0.9613891968
339,-0.2878744485
340,0.6503107402
341,0.9906032334
342,0.4201396822
343,-0.5365983552
344,-0.9999903395
345,-0.5439958174
346,0.4121459505
347,0.9893626322
348,0.6569638725
349,-0.2794444418
350,-0.958932825
351,-0.7567827913
352,0.1411498507
353,0.9093099709
354,0.8414546974
355,-3.01443533594884E-05
356,-0.8414872715
357,-0.9092848819
358,-0.1410901653
359,0.7568221986
360,0.9589157234
361,0.2793865544
362,-0.6570093243
363,-0.9893538602
364,-0.4120910196
365,0.5440464039
366,0.9999900727
367,0.5365474803
368,-0.420194391
369,-0.9906114771
370,-0.6502649396
371,0.2879321846
372,0.9614057861
373,0.7509673416
374,-0.1499070135
375,-0.9129575517
376,-0.8366391272
377,0.0088814525
378,0.8462364657
379,0.905565575
380,0.1323218709
381,-0.7625779511
382,-0.9563671216
383,-0.2708767711
384,0.6636564336
385,0.9880269738
386,0.4040100708
387,-0.5514518281
388,-0.9999114594
389,-0.5290571063
390,0.4282099105
391,0.9917827104
392,0.6435150602
393,-0.2963973687
394,-0.9638034236
395,-0.7450930557
396,0.1586524314
397,0.9165336048
398,0.8317580087
399,-0.0177320647
400,-0.8509193596
401,-0.9017753195
402,-0.1235432094
403,0.7682739577
404,0.9537435912
405,0.2623457653
406,-0.6702515473
407,-0.9866226783
408,-0.395897469
409,0.5588140476
410,0.9997545059
411,0.5215252821
412,-0.436191881
413,-0.9928762402
414,-0.6367147631
415,0.3048393308
416,0.9661255499
417,0.7391603939
418,-0.1673854194
419,-0.9200378501
420,-0.8268117243
421,0.0265812877
422,0.8555355864
423,0.8979144125
424,0.1147548686
425,-0.7739097722
426,-0.9510453375
427,-0.2537942055
428,0.6767941486
429,0.9851410837
430,0.3877538496
431,-0.5661324856
432,-0.9995192244
433,-0.5139525978
434,0.444139677
435,0.993891981
436,0.6298645813
437,-0.3132574097
438,-0.9683719829
439,-0.7331698209
440,0.1761052933
441,0.9234700129
442,0.8218006615
443,-0.0354284282
444,-0.8600847844
445,-0.8939831563
446,-0.1059575371
447,0.779484953
448,0.9482725722
449,0.2452227616
450,-0.683283725
451,-0.983582306
452,-0.3795798509
453,0.5734065686
454,0.9992056334
455,0.5063396468
456,-0.4520526759
457,-0.9948298531
458,-0.6229650513
459,0.3216509457
460,0.9705425467
461,0.7271218061
462,-0.1848113697
463,-0.9268298245
464,-0.8167252129
465,0.0442727929
466,0.8645665971
467,0.8899818591
468,0.0971519042
469,-0.7849990634
470,-0.9454255123
471,-0.2366321052
472,0.6897197681
473,0.9819464674
474,0.3713761131
475,-0.5806357269
476,-0.9988137573
477,-0.4986870255
478,0.4599302577
479,0.9956897831
480,0.6160167138
481,-0.3300192813
482,-0.9726370711
483,-0.7210168233
484,0.1935029667
485,0.9301170215
486,0.8115857762
487,-0.053113689
488,-0.8689806734
489,-0.8859108342
490,-0.0883386596
491,0.7904516712
492,0.9425043809
493,0.2280229094
494,-0.6961017735
495,-0.980233696
496,-0.363143279
497,0.587819394
498,0.998343627
499,0.4909953335
500,-0.4677718053
501,-0.9964717036
502,-0.609020113
503,0.3383617608
504,0.9746553922
505,0.7148553508
506,-0.2021794033
507,-0.9333313465
508,-0.806382754
509,0.0619504237
510,0.8733266675
511,0.8817704008
512,0.079518494
513,-0.7958423494
514,-0.939509407
515,-0.2193958486
516,0.7024292412
517,0.9784441261
518,0.3548819937
519,-0.594957007
520,-0.9977952793
521,-0.4832651733
522,0.4755767043
523,0.9971755532
524,0.6019757973
525,-0.3466777306
526,-0.9765973517
527,-0.7086378715
528,0.2108399997
529,0.9364725475
530,0.8011165539
531,-0.0707823049
532,-0.877604239
533,-0.877560883
534,-0.0706920983
535,0.8011706756
536,0.9364408251
537,0.2107515987
538,-0.7087016757
539,-0.9765778978
540,-0.3465929044
541,0.6020480069
542,0.9971687571
543,0.4754971507
544,-0.4833443432
545,-0.997801277
546,-0.5948843184
547,0.3549665391
548,0.9784627976
549,0.7023648723
550,-0.2194840774
551,-0.9395403786
552,-0.7957875886
553,0.0796086404
554,0.8818130525
555,0.8732826109
556,0.0618601641
557,-0.8064362322
558,-0.9332988757
559,-0.202090837
560,0.7149185853
561,0.9746351573
562,0.3382766605
563,-0.6090918379
564,-0.9964641095
565,-0.4676918742
566,0.4910741134
567,0.9983488258
568,0.5877462319
569,-0.363227537
570,-0.9802515836
571,-0.6960368448
572,0.2281109591
573,0.9425345992
574,0.7903962755
575,-0.0884287388
576,-0.8859527785
577,-0.8689359194
578,-0.0530233833
579,0.8116386069
580,0.930083805
581,0.1934142421
582,-0.721079483
583,-0.9726160568
584,-0.3299339135
585,0.6160879484
586,0.9956813917
587,0.4598499554
588,-0.4987654093
589,-0.9988181568
590,-0.5805620972
591,0.3714600771
592,0.9819635696
593,0.6896542848
594,-0.236719969
595,-0.945454975
596,-0.7849430372
597,0.0972419091
598,0.8900230925
599,0.8645211493
600,0.0441824483
601,-0.8167773919
602,-0.9267958647
603,-0.1847224937
604,0.7271838861
605,0.9705207547
606,0.3215653171
607,-0.62303579
608,-0.9948206651
609,-0.4519720085
610,0.5064176283
611,0.9992092331
612,0.5733324771
613,-0.3796635143
614,-0.9835986216
615,-0.6832176923
616,0.2453104325
617,0.9483012769
618,0.7794283007
619,-0.1060474607
620,-0.8940236758
621,-0.8600386463
622,-0.0353380517
623,0.8218521846
624,0.9234353126
625,0.1760162728
626,-0.7332313165
627,-0.9683494149
628,-0.313171527
629,0.6299348185
630,0.993881997
631,0.444058651
632,-0.5140301709
633,-0.9995220242
634,-0.566057938
635,0.3878372059
636,0.9851566113
637,0.6767275716
638,-0.2538816766
639,-0.9510732821
640,-0.7738524982
641,0.1148447038
642,0.8979542147
643,0.8554887617
644,0.0264908865
645,-0.8268625876
646,-0.920002412
647,-0.1672962616
648,0.7392213002
649,0.9661022076
650,0.3047532008
651,-0.6367844934
652,-0.9928654611
653,-0.4361105026
654,0.5216024407
655,0.9997565055
656,0.5587390498
657,-0.3959805115
658,-0.9866374168
659,-0.6701844311
660,0.2624330298
661,0.9537707734
662,0.7682160665
663,-0.1236329491
664,-0.9018144015
665,-0.850871852
666,-0.0176416458
667,0.8318082082
668,0.9164974317
669,0.1585631431
670,-0.745153368
671,-0.963779309
672,-0.296310998
673,0.643584278
674,0.9917711369
675,0.4281281863
676,-0.5291338444
677,-0.9999126587
678,-0.551376386
679,0.4040927932
680,0.9880409219
681,0.6635887836
682,-0.2709638221
683,-0.9563935393
684,-0.7625194472
685,0.1324115082
686,0.9056039336
687,0.8461882788
688,0.0087910229
689,-0.8366886589
690,-0.9129206463
691,-0.1498176017
692,0.751027055
693,0.9613809009
694,0.2878455801
695,-0.6503336396
696,-0.9905991102
697,-0.4201123273
698,0.5366237919
699,0.9999904716
700,0.5439705234
701,-0.4121734154
702,-0.9893670168
703,-0.6569411457
704,0.2794733851
705,0.9589413745
706,0.7567630866
707,-0.1411796932
708,-0.9093225141
709,-0.8414384092
710,6.02887066915853E-05
711,0.8415035574
712,0.9092723362
713,0.1410603224
714,-0.7568419013
715,-0.9589071713
716,-0.2793576103
717,0.6570320493
718,0.9893494728
719,0.4120635536
720,-0.5440716964
721,-0.9999899379
722,-0.5365220422
723,0.4202217449
724,0.9906155976
725,0.6502420384
726,-0.2879610522
727,-0.9614140794
728,-0.7509474358
729,0.1499368171
730,0.9129698518
731,0.8366226151
732,-0.0089115956
733,-0.8462525265
734,-0.9055527872
735,-0.1322919915
736,0.762597451
737,0.956358314
738,0.2708477536
739,-0.6636789824
740,-0.9880223227
741,-0.403982496
742,0.5514769745
743,0.9999110579
744,0.529031526
745,-0.4282371512
746,-0.9917865664
747,-0.6434919864
748,0.2964261583
749,0.9638114601
750,0.7450729503
751,-0.1586821939
752,-0.9165456608
753,-0.8317412741
754,0.0177622043
755,0.850935194
756,0.9017622906
757,0.1235132959
758,-0.7682932534
759,-0.9537345287
760,-0.2623166767
761,0.6702739181
762,0.9866177637
763,0.3958697874
764,-0.5588390459
765,-0.9997538375
766,-0.5214995616
767,0.4362190063
768,0.9928798315
769,0.6366915186
770,-0.3048680403
771,-0.9661333289
772,-0.7391400904
773,0.1674151384
774,0.9200496611
775,0.8267947684
776,-0.0266114214
777,-0.8555511931
778,-0.8979011434
779,-0.1147249234
780,0.7739288621
781,0.9510360209
782,0.253765048
783,-0.6768163398
784,-0.9851359061
785,-0.3877260635
786,0.5661573337
787,0.9995182893
788,0.5139267392
789,-0.4441666848
790,-0.9938953072
791,-0.6298411677
792,0.3132860367
793,0.9683795038
794,0.733149321
795,-0.1761349664
796,-0.923481578
797,-0.8217834856
798,0.0354585536
799,0.8601001622
800,0.8939696482
801,0.1059275624
802,-0.7795038357
803,-0.9482630022
804,-0.2451935376
805,0.6833057347
806,0.9835768657
807,0.3795519624
808,-0.5734312648
809,-0.9992044316
810,-0.5063136521
811,0.4520795642
812,0.994832914
813,0.6229414706
814,-0.321679488
815,-0.9705498089
816,-0.7271011114
817,0.1848409947
818,0.9268411427
819,0.8167078184
820,-0.0443029077
821,-0.8645817448
822,-0.889968113
823,-0.0971219024
824,0.7850177374
825,0.9454156897
826,0.2366028169
827,-0.6897415946
828,-0.9819407649
829,-0.3713481244
830,0.5806602691
831,0.998812289
832,0.4986608967
833,-0.4599570244
834,-0.9956925784
835,-0.6159929678
836,0.3300477367
837,0.9726440741
838,0.7209959354
839,-0.1935325413
840,-0.930128092
841,-0.8115681645
842,0.0531437908
843,0.8689955898
844,0.8858968512
845,0.0883086331
846,-0.790470135
847,-0.9424943064
848,-0.2279935591
849,0.6961234151
850,0.9802277317
851,0.3631151924
852,-0.5878437803
853,-0.9983418923
854,-0.4909690727
855,0.4677984482
856,0.9964742331
857,0.6089962036
858,-0.338390127
859,-0.9746621354
860,-0.7148342714
861,0.2022089251
862,0.9333421684
863,0.8063649264
864,-0.0619805102
865,-0.8733413515
866,-0.8817561819
867,-0.0794884451
868,0.7958606016
869,0.9394990814
870,0.2193664386
871,-0.7024506963
872,-0.9784379005
873,-0.3548538113
874,0.5949812355
875,0.9977932783
876,0.4832387825
877,-0.4756032213
878,-0.9971778168
879,-0.6019517263
880,0.3467060054
881,0.9766038346
882,0.7086166021
883,-0.2108694664
884,-0.93648312
885,-0.8010985119
886,0.0708123736
887,0.8776186893
888,0.8775464295
889,0.0706620294
890,-0.8011887147
891,-0.9364302493
892,-0.2107221313
893,0.7087229424
894,0.9765714113
895,0.3465646283
896,-0.6020720757
897,-0.9971664899
898,-0.475470632
899,0.4833707322
900,0.9978032744
901,0.5948600877
902,-0.3549947203
903,-0.9784690196
904,-0.7023434147
905,0.2195134866
906,0.9395507007
907,0.7957693335
908,-0.079638689
909,-0.8818272682
910,-0.8732679237
911,-0.0618300775
912,0.8064540568
913,0.9332880505
914,0.2020613146
915,-0.7149396621
916,-0.9746284105
917,-0.3382482931
918,0.6091157451
919,0.9964615763
920,0.4676652297
921,-0.4911003724
922,-0.9983505569
923,-0.5877218435
924,0.3632556224
925,0.9802575443
926,0.6960152007
927,-0.2281403086
928,-0.9425446703
929,-0.7903778089
930,0.088458765
931,0.8859667583
932,0.8689209999
933,0.0529932814
934,-0.8116562156
935,-0.9300727311
936,-0.1933846669
937,0.7211003682
938,0.9726090503
939,0.329905457
940,-0.6161116921
941,-0.9956785928
942,-0.4598231871
943,0.4987915363
944,0.9988196214
945,0.580537553
946,-0.3714880644
947,-0.9819692686
948,-0.6896324558
949,0.2367492565
950,0.9454647941
951,0.7849243603
952,-0.0972719105
953,-0.8900368354
954,-0.8645059985
955,-0.0441523334
956,0.8167947834
957,0.9267845431
958,0.184692868
959,-0.7272045782
960,-0.9705134889
961,-0.3215367737
962,0.6230593684
963,0.9948176006
964,0.4519451186
965,-0.5064436212
966,-0.9992104312
967,-0.5733077789
968,0.3796914014
969,0.9836040583
970,0.6831956801
971,-0.2453396556
972,-0.9483108434
973,-0.7794094151
974,0.106077435
975,0.8940371806
976,0.8600232654
977,0.0353079262
978,-0.8218693575
979,-0.9234237442
980,-0.175986599
981,0.7332518137
982,0.9683418905
983,0.3131428989
984,-0.6299582298
985,-0.9938786672
986,-0.4440316415
987,0.5140560276
988,0.9995229557
989,0.5660330878
990,-0.3878649906
991,-0.9851617854
992,-0.676705378
993,0.2539108332
994,0.9510825952
995,0.7738334054
996,-0.1148746486
997,-0.8979674805
998,-0.855473152
999,-0.0264607527
1000,0.8268795405
1001,0.9199905976
1002,0.167266542
1003,-0.7392416009
1004,-0.9660944251
1005,-0.3047244902
1006,0.6368077357
1007,0.9928618662
1008,0.4360833758
1009,-0.5216281593
1010,-0.9997571703
1011,-0.5587140495
1012,0.3960081917
1013,0.9866423278
1014,0.6701620578
1015,-0.2624621175
1016,-0.9537798324
1017,-0.768196768
1018,0.1236628622
1019,0.9018274271
1020,0.8508560146
1021,0.0176115061
1022,-0.8318249398
1023,-0.9164853723
1024,-0.15853338
1025,0.7451734707
1026,0.963771269
1027,0.2962822073
1028,-0.6436073495
1029,-0.9917672772
1030,-0.4281009441
1031,0.5291594228
1032,0.9999130567
1033,0.5513512376
1034,-0.4041203666
1035,-0.9880455695
1036,-0.6635662324
1037,0.2709928386
1038,0.9564023435
1039,0.7624999445
1040,-0.1324413871
1041,-0.9056167181
1042,-0.846172215
1043,-0.0087608797
1044,0.8367051679
1045,0.9129083429
1046,0.1497877975
1047,-0.7510469582
1048,-0.9613726041
1049,-0.2878167114
1050,0.6503565384
1051,0.9905949861
1052,0.4200849719
1053,-0.5366492281
1054,-0.9999906027
1055,-0.5439452289
1056,0.4122008799
1057,0.9893714006
1058,0.6569184183
1059,-0.2795023282
1060,-0.9589499232
1061,-0.7567433812
1062,0.1412095355
1063,0.9093350565
1064,0.8414221202
1065,-9.04330599688988E-05
1066,-0.8415198426
1067,-0.9092597897
1068,-0.1410304794
1069,0.7568616032
1070,0.9588986183
1071,0.2793286659
1072,-0.6570547737
1073,-0.9893450846
1074,-0.4120360873
1075,0.5440969885
1076,0.9999898022
1077,0.5364966035
1078,-0.4202490983
1079,-0.9906197172
1080,-0.6502191366
1081,0.2879899196
1082,0.9614223718
1083,0.7509275292
1084,-0.1499666206
1085,-0.9129821511
1086,-0.8366061023
1087,0.0089417388
1088,0.8462685864
1089,0.9055399985
1090,0.1322621121
1091,-0.7626169503
1092,-0.9563495055
1093,-0.2708187358
1094,0.6637015306
1095,0.9880176706
1096,0.4039549207
1097,-0.5515021204
1098,-0.9999106554
1099,-0.5290059452
1100,0.4282643914
1101,0.9917904215
1102,0.643468912
1103,-0.2964549477
1104,-0.9638194957
1105,-0.7450528442
1106,0.1587119563
1107,0.9165577161
1108,0.8317245386
1109,-0.0177923439
1110,-0.8509510275
1111,-0.9017492608
1112,-0.1234833823
1113,0.7683125484
1114,0.9537254654
1115,0.2622875878
1116,-0.6702962884
1117,-0.9866128483
1118,-0.3958421054
1119,0.5588640436
1120,0.9997531683
1121,0.5214738406
1122,-0.4362461312
1123,-0.9928834218
1124,-0.6366682734
1125,0.3048967495
1126,0.966141107
1127,0.7391197863
1128,-0.1674448573
1129,-0.9200614713
1130,-0.8267778117
1131,0.0266415551
1132,0.855566799
1133,0.8978878735
1134,0.114694978
1135,-0.7739479514
1136,-0.9510267035
1137,-0.2537358903
1138,0.6768385303
1139,0.9851307275
1140,0.387698277
1141,-0.5661821814
1142,-0.9995173533
1143,-0.5139008801
1144,0.4441936923
1145,0.9938986325
1146,0.6298177536
1147,-0.3133146634
1148,-0.9683870238
1149,-0.7331288205
1150,0.1761646394
1151,0.9234931423
1152,0.821766309
1153,-0.035488679
1154,-0.8601155392
1155,-0.8939561393
1156,-0.1058975876
1157,0.7795227177
1158,0.9482534313
1159,0.2451643133
1160,-0.6833277438
1161,-0.9835714245
1162,-0.3795240736
1163,0.5734559604
1164,0.999203229
1165,0.5062876569
1166,-0.4521064521
1167,-0.994835974
1168,-0.6229178894
1169,0.32170803
1170,0.9705570702
1171,0.727080416
1172,-0.1848706196
1173,-0.9268524601
1174,-0.8166904232
1175,0.0443330224
1176,0.8645968917
1177,0.889954366
1178,0.0970919005
1179,-0.7850364106
1180,-0.9454058662
1181,-0.2365735283
1182,0.6897634204
1183,0.9819350615
1184,0.3713201354
1185,-0.5806848107
1186,-0.9988108198
1187,-0.4986347675
1188,0.4599837906
1189,0.9956953729
1190,0.6159692212
1191,-0.3300761917
1192,-0.9726510762
1193,-0.7209750469
1194,0.1935621156
1195,0.9301391617
1196,0.811550552
1197,-0.0531738925
1198,-0.8690105055
1199,-0.8858828674
1200,-0.0882786065
1201,0.7904885981
1202,0.9424842311
1203,0.2279642085
1204,-0.6961450561
1205,-0.9802217665
1206,-0.3630871054
1207,0.587868166
1208,0.9983401567
1209,0.4909428114
1210,-0.4678250906
1211,-0.9964767618
1212,-0.6089722936
1213,0.3384184928
1214,0.9746688777
1215,0.7148131913
1216,-0.2022384466
1217,-0.9333529894
1218,-0.8063470981
1219,0.0620105965
1220,0.8733560347
1221,0.8817419622
1222,0.0794583961
1223,-0.795878853
1224,-0.939488755
1225,-0.2193370283
1226,0.7024721507
1227,0.978431674
1228,0.3548256285
1229,-0.5950054635
1230,-0.9977912763
1231,-0.4832123913
1232,0.4756297379
1233,0.9971800795
1234,0.6019276548
1235,-0.3467342798
1236,-0.9766103166
1237,-0.7085953321
1238,0.2108989328
1239,0.9364936915
1240,0.8010804691
1241,-0.0708424422
1242,-0.8776331389
1243,-0.8775319751
1244,-0.0706319603
1245,0.801206753
1246,0.9364196726
1247,0.2106926637
1248,-0.7087442085
1249,-0.976564924
1250,-0.346536352
1251,0.6020961439
1252,0.9971642218
1253,0.4754441128
1254,-0.4833971209
1255,-0.9978052709
1256,-0.5948358565
1257,0.3550229011
1258,0.9784752408
1259,0.7023219565
1260,-0.2195428956
1261,-0.939561022
1262,-0.7957510778
1263,0.0796687376
1264,0.881841483
1265,0.8732532358
1266,0.0617999908
1267,-0.8064718807
1268,-0.9332772243
1269,-0.2020317919
1270,0.7149607383
1271,0.9746216629
1272,0.3382199253
1273,-0.6091396518
1274,-0.9964590423
1275,-0.4676385847
1276,0.491126631
1277,0.9983522871
1278,0.5876974546
1279,-0.3632837074
1280,-0.9802635042
1281,-0.6959935559
1282,0.2281696579
1283,0.9425547405
1284,0.7903593415
1285,-0.0884887912
1286,-0.8859807373
1287,-0.8689060795
1288,-0.0529631794
1289,0.8116738236
1290,0.9300616564
1291,0.1933550915
1292,-0.7211212528
1293,-0.9726020429
1294,-0.3298770001
1295,0.6161354353
1296,0.9956757929
1297,0.4597964184
1298,-0.4988176628
1299,-0.9988210852
1300,-0.5805130082
1301,0.3715160514
1302,0.9819749666
1303,0.6896106262
1304,-0.2367785437
1305,-0.9454746125
1306,-0.7849056828
1307,0.0973019119
1308,0.8900505775
1309,0.8644908468
1310,0.0441222184
1311,-0.8168121741
1312,-0.9267732207
1313,-0.1846632422
1314,0.7272252696
1315,0.9705062223
1316,0.3215082299
1317,-0.6230829463
1318,-0.9948145352
1319,-0.4519182283
1320,0.5064696136
1321,0.9992116284
1322,0.5732830802
1323,-0.3797192882
1324,-0.9836094941
1325,-0.6831736673
1326,0.2453688786
1327,0.9483204091
1328,0.7793905289
1329,-0.1061074092
1330,-0.8940506847
1331,-0.8600078837
1332,-0.0352778006
1333,0.8218865297
1334,0.9234121749
1335,0.1759569251
1336,-0.7332723102
1337,-0.9683343652
1338,-0.3131142705
1339,0.6299816405
1340,0.9938753365
1341,0.4440046316
1342,-0.5140818839
1343,-0.9995238862
1344,-0.566008237
1345,0.387892775
1346,0.9851669585
1347,0.6766831838
1348,-0.2539399895
1349,-0.9510919075
1350,-0.7738143119
1351,0.1149045934
1352,0.8979807455
1353,0.8554575414
1354,0.0264306189
1355,-0.8268964927
1356,-0.9199787824
1357,-0.1672368222
1358,0.739261901
1359,0.9660866418
1360,0.3046957794
1361,-0.6368309774
1362,-0.9928582704
1363,-0.4360562485
1364,0.5216538774
1365,0.9997578341
1366,0.5586890488
1367,-0.3960358715
1368,-0.9866472379
1369,-0.6701396839
1370,0.2624912049
1371,0.9537888905
1372,0.7681774688
1373,-0.1236927751
1374,-0.901840452
1375,-0.8508401764
1376,-0.0175813665
1377,0.8318416707
1378,0.9164733121
1379,0.1585036168
1380,-0.7451935727
1381,-0.9637632282
1382,-0.2962534162
1383,0.6436304203
1384,0.9917634167
1385,0.4280737015
1386,-0.5291850007
1387,-0.9999134537
1388,-0.5513260887
1389,0.4041479397
1390,0.9880502162
1391,0.6635436805
1392,-0.2710218549
1393,-0.9564111468
1394,-0.7624804411
1395,0.1324712658
1396,0.9056295018
1397,0.8461561504
1398,0.0087307365
1399,-0.8367216762
1400,-0.9128960386
1401,-0.1497579931
1402,0.7510668606
1403,0.9613643064
1404,0.2877878425
1405,-0.6503794366
1406,-0.9905908611
1407,-0.4200576162
1408,0.5366746638
1409,0.9999907329
1410,0.5439199339
1411,-0.412228344
1412,-0.9893757834
1413,-0.6568956904
1414,0.279531271
1415,0.9589584709
1416,0.7567236751
1417,-0.1412393778
1418,-0.9093475981
1419,-0.8414058304
1420,0.0001205774
1421,0.8415361269
1422,0.9092472423
1423,0.1410006363
1424,-0.7568813045
1425,-0.9588900644
1426,-0.2792997213
1427,0.6570774975
1428,0.9893406954
1429,0.4120086205
1430,-0.54412228
1431,-0.9999896656
1432,-0.5364711644
1433,0.4202764514
1434,0.9906238359
1435,0.6501962342
1436,-0.2880187867
1437,-0.9614306634
1438,-0.750907622
1439,0.149996424
1440,0.9129944496
1441,0.8365895887
1442,-0.0089718819
1443,-0.8462846457
1444,-0.905527209
1445,-0.1322322325
1446,0.7626364488
1447,0.9563406961
1448,0.2707897178
1449,-0.6637240782
1450,-0.9880130177
1451,-0.4039273451
1452,0.5515272657
1453,0.999910252
1454,0.5289803639
1455,-0.4282916313
1456,-0.9917942758
1457,-0.643445837
1458,0.2964837369
1459,0.9638275304
1460,0.7450327374
1461,-0.1587417185
1462,-0.9165697704
1463,-0.8317078025
1464,0.0178224835
1465,0.8509668603
1466,0.9017362302
1467,0.1234534686
1468,-0.7683318427
1469,-0.9537164012
1470,-0.2622584987
1471,0.670318658
1472,0.9866079319
1473,0.3958144231
1474,-0.5588890408
1475,-0.9997524981
1476,-0.5214481192
1477,0.4362732557
1478,0.9928870113
1479,0.6366450277
1480,-0.3049254584
1481,-0.9661488842
1482,-0.7390994815
1483,0.1674745759
1484,0.9200732806
1485,0.8267608542
1486,-0.0266716887
1487,-0.8555824041
1488,-0.8978746029
1489,-0.1146650325
1490,0.7739670399
1491,0.9510173852
1492,0.2537067323
1493,-0.6768607202
1494,-0.9851255481
1495,-0.3876704902
1496,0.5662070285
1497,0.9995164164
1498,0.5138750206
1499,-0.4442206993
1500,-0.9939019569
1501,-0.6297943389
1502,0.3133432898
1503,0.968394543
1504,0.7331083193
1505,-0.1761943123
1506,-0.9235047057
1507,-0.8217491316
1508,0.0355188043
1509,0.8601309154
1510,0.8939426295
1511,0.1058676127
1512,-0.779541599
1513,-0.9482438596
1514,-0.2451350888
1515,0.6833497522
1516,0.9835659824
1517,0.3794961844
1518,-0.5734806555
1519,-0.9992020254
1520,-0.5062616612
1521,0.4521333395
1522,0.9948390331
1523,0.6228943075
1524,-0.3217365717
1525,-0.9705643307
1526,-0.72705972
1527,0.1849002442
1528,0.9268637767
1529,0.8166730273
1530,-0.0443631371
1531,-0.8646120378
1532,-0.8899406183
1533,-0.0970618985
1534,0.7850550832
1535,0.9453960418
1536,0.2365442396
1537,-0.6897852457
1538,-0.9819293572
1539,-0.3712921461
1540,0.5807093518
1541,0.9988093497
1542,0.4986086377
1543,-0.4600105563
1544,-0.9956981664
1545,-0.6159454741
1546,0.3301046464
1547,0.9726580774
1548,0.7209541577
1549,-0.1935916898
1550,-0.9301502305
1551,-0.8115329388
1552,0.0532039942
1553,0.8690254203
1554,0.8858688827
1555,0.0882485798
1556,-0.7905070605
1557,-0.9424741549
1558,-0.2279348578
1559,0.6961666964
1560,0.9802158005
1561,0.3630590181
1562,-0.5878925512
1563,-0.9983384201
1564,-0.4909165496
1565,0.4678517326
1566,0.9964792895
1567,0.6089483831
1568,-0.3384468584
1569,-0.9746756191
1570,-0.7147921106
1571,0.202267968
1572,0.9333638096
1573,0.8063292691
1574,-0.0620406828
1575,-0.8733707171
1576,-0.8817277418
1577,-0.079428347
1578,0.7958971037
1579,0.9394784277
1580,0.2193076179
1581,-0.7024936044
1582,-0.9784254466
1583,-0.3547974454
1584,0.5950296909
1585,0.9977892735
1586,0.4831859996
1587,-0.475656254
1588,-0.9971823412
1589,-0.6019035827
1590,0.346762554
1591,0.9766167977
1592,0.7085740615
1593,-0.2109283991
1594,-0.9365042623
1595,-0.8010624257
1596,0.0708725108
1597,0.8776475877
1598,0.8775175199
1599,0.0706018912
1600,-0.8012247907
1601,-0.9364090951
1602,-0.2106631959
1603,0.708765474
1604,0.9765584358
1605,0.3465080753
1606,-0.6021202116
1607,-0.9971619528
1608,-0.4754175933
1609,0.483423509
1610,0.9978072665
1611,0.5948116248
1612,-0.3550510817
1613,-0.978481461
1614,-0.7023004977
1615,0.2195723045
1616,0.9395713425
1617,0.7957328213
1618,-0.0796987861
1619,-0.8818556971
1620,-0.873238547
1621,-0.061769904
1622,0.8064897039
1623,0.9332663974
1624,0.2020022691
1625,-0.7149818138
1626,-0.9746149144
1627,-0.3381915573
1628,0.6091635579
1629,0.9964565073
1630,0.4676119393
1631,-0.4911528892
1632,-0.9983540164
1633,-0.5876730651
1634,0.3633117921
1635,0.9802694631
1636,0.6959719105
1637,-0.228199007
1638,-0.9425648098
1639,-0.7903408734
1640,0.0885188172
1641,0.8859947155
1642,0.8688911583
1643,0.0529330773
1644,-0.8116914309
1645,-0.9300505808
1646,-0.1933255159
1647,0.7211421368
1648,0.9725950346
1649,0.329848543
1650,-0.6161591779
1651,-0.9956729922
1652,-0.4597696492
1653,0.4988437889
1654,0.998822548
1655,0.5804884628
1656,-0.3715440381
1657,-0.9819806638
1658,-0.6895887959
1659,0.2368078308
1660,0.9454844299
1661,0.7848870045
1662,-0.0973319131
1663,-0.8900643187
1664,-0.8644756944
1665,-0.0440921034
1666,0.8168295641
1667,0.9267618974
1668,0.1846336162
1669,-0.7272459603
1670,-0.9704989547
1671,-0.3214796859
1672,0.6231065236
1673,0.9948114689
1674,0.4518913375
1675,-0.5064956056
1676,-0.9992128247
1677,-0.5732583809
1678,0.3797471746
1679,0.9836149291
1680,0.6831516539
1681,-0.2453981013
1682,-0.9483299739
1683,-0.7793716419
1684,0.1061373834
1685,0.8940641879
1686,0.8599925013
1687,0.035247675
1688,-0.8219037011
1689,-0.9234006048
1690,-0.175927251
1691,0.7332928061
1692,0.968326839
1693,0.3130856418
1694,-0.6300050506
1695,-0.9938720049
1696,-0.4439776213
1697,0.5141077397
1698,0.9995248158
1699,0.5659833858
1700,-0.387920559
1701,-0.9851721308
1702,-0.6766609889
1703,0.2539691456
1704,0.9511012189
1705,0.7737952178
1706,-0.114934538
1707,-0.8979940096
1708,-0.8554419301
1709,-0.0264004851
1710,0.8269134441
1711,0.9199669663
1712,0.1672071023
1713,-0.7392822004
1714,-0.9660788575
1715,-0.3046670683
1716,0.6368542185
1717,0.9928546738
1718,0.4360291208
1719,-0.521679595
1720,-0.999758497
1721,-0.5586640475
1722,0.3960635509
1723,0.9866521471
1724,0.6701173094
1725,-0.2625202921
1726,-0.9537979478
1727,-0.7681581689
1728,0.1237226879
1729,0.901853476
1730,0.8508243374
1731,0.0175512268
1732,-0.8318584008
1733,-0.916461251
1734,-0.1584738535
1735,0.7452136741
1736,0.9637551864
1737,0.296224625
1738,-0.6436534906
1739,-0.9917595553
1740,-0.4280464585
1741,0.5292105781
1742,0.9999138498
1743,0.5513009394
1744,-0.4041755123
1745,-0.9880548619
1746,-0.6635211281
1747,0.2710508709
1748,0.9564199492
1749,0.762460937
1750,-0.1325011444
1751,-0.9056422847
1752,-0.846140085
1753,-0.0087005933
1754,0.8367381838
1755,0.9128837335
1756,0.1497281887
1757,-0.7510867623
1758,-0.9613560079
1759,-0.2877589733
1760,0.6504023343
1761,0.9905867352
1762,0.4200302601
1763,-0.5367000991
1764,-0.9999908622
1765,-0.5438946384
1766,0.4122558077
1767,0.9893801654
1768,0.6568729618
1769,-0.2795602136
1770,-0.9589670178
1771,-0.7567039684
1772,0.1412692199
1773,0.9093601389
1774,0.8413895399
1775,-0.0001507218
1776,-0.8415524106
1777,-0.9092346941
1778,-0.140970793
1779,0.756901005
1780,0.9588815097
1781,0.2792707765
1782,-0.6571002207
1783,-0.9893363054
1784,-0.4119811534
1785,0.5441475711
1786,0.9999895281
1787,0.5364457247
1788,-0.420303804
1789,-0.9906279537
1790,-0.6501733313
1791,0.2880476535
1792,0.9614389541
1793,0.7508877141
1794,-0.1500262273
1795,-0.9130067472
1796,-0.8365730743
1797,0.0090020251
1798,0.8463007041
1799,0.9055144187
1800,0.1322023528
1801,-0.7626559466
1802,-0.9563318859
1803,-0.2707606996
1804,0.6637466252
1805,0.9880083638
1806,0.4038997691
1807,-0.5515524106
1808,-0.9999098477
1809,-0.5289547821
1810,0.4283188707
1811,0.9917981291
1812,0.6434227615
1813,-0.2965125257
1814,-0.9638355642
1815,-0.7450126299
1816,0.1587714805
1817,0.916581824
1818,0.8316910655
1819,-0.0178526231
1820,-0.8509826923
1821,-0.9017231988
1822,-0.1234235548
1823,0.7683511363
1824,0.9537073361
1825,0.2622294093
1826,-0.670341027
1827,-0.9866030146
1828,-0.3957867405
1829,0.5589140375
1830,0.999751827
1831,0.5214223973
1832,-0.4363003798
1833,-0.9928905998
1834,-0.6366217813
1835,0.304954167
1836,0.9661566606
1837,0.7390791761
1838,-0.1675042945
1839,-0.9200850892
1840,-0.8267438961
1841,0.0267018224
1842,0.8555980084
1843,0.8978613314
1844,0.1146350869
1845,-0.7739861278
1846,-0.951008066
1847,-0.2536775742
1848,0.6768829095
1849,0.9851203677
1850,0.387642703
1851,-0.5662318751
1852,-0.9995154786
1853,-0.5138491606
1854,0.444247706
1855,0.9939052804
1856,0.6297709236
1857,-0.313371916
1858,-0.9684020612
1859,-0.7330878174
1860,0.1762239849
1861,0.9235162682
1862,0.8217319535
1863,-0.0355489296
1864,-0.8601462908
1865,-0.893929119
1866,-0.1058376377
1867,0.7795604796
1868,0.9482342871
1869,0.2451058641
1870,-0.68337176
1871,-0.9835605395
1872,-0.3794682948
1873,0.57350535
1874,0.999200821
1875,0.5062356651
1876,-0.4521602266
1877,-0.9948420912
1878,-0.6228707251
1879,0.3217651131
1880,0.9705715903
1881,0.7270390234
1882,-0.1849298687
1883,-0.9268750924
1884,-0.8166556306
1885,0.0443932518
1886,0.8646271832
1887,0.8899268698
1888,0.0970318964
1889,-0.785073755
1890,-0.9453862167
1891,-0.2365149506
1892,0.6898070703
1893,0.981923652
1894,0.3712641564
1895,-0.5807338924
1896,-0.9988078787
1897,-0.4985825076
1898,0.4600373217
1899,0.995700959
1900,0.6159217265
1901,-0.3301331009
1902,-0.9726650778
1903,-0.7209332678
1904,0.1936212638
1905,0.9301612984
1906,0.8115153249
1907,-0.0532340958
1908,-0.8690403344
1909,-0.8858548973
1910,-0.088218553
1911,0.7905255221
1912,0.9424640779
1913,0.2279055068
1914,-0.6961883361
1915,-0.9802098335
1916,-0.3630309304
1917,0.5879169359
1918,0.9983366827
1919,0.4908902874
1920,-0.4678783742
1921,-0.9964818163
1922,-0.608924472
1923,0.3384752236
1924,0.9746823597
1925,0.7147710292
1926,-0.2022974892
1927,-0.9333746289
1928,-0.8063114393
1929,0.0620707691
1930,0.8733853987
1931,0.8817135205
1932,0.0793982978
1933,-0.7959153537
1934,-0.9394680996
1935,-0.2192782073
1936,0.7025150575
1937,0.9784192183
1938,0.354769262
1939,-0.5950539177
1940,-0.9977872697
1941,-0.4831596074
1942,0.4756827697
1943,0.9971846021
1944,0.6018795101
1945,-0.3467908278
1946,-0.9766232779
1947,-0.7085527902
1948,0.2109578651
1949,0.9365148322
1950,0.8010443815
1951,-0.0709025793
1952,-0.8776620357
1953,-0.877503064
1954,-0.0705718221
1955,0.8012428276
1956,0.9363985167
1957,0.210633728
1958,-0.7087867389
1959,-0.9765519467
1960,-0.3464797984
1961,0.6021442787
1962,0.9971596829
1963,0.4753910732
1964,-0.4834498968
1965,-0.9978092612
1966,-0.5947873925
1967,0.3550792618
1968,0.9784876804
1969,0.7022790382
1970,-0.2196017131
1971,-0.939581662
1972,-0.795714564
1973,0.0797288345
1974,0.8818699103
1975,0.8732238575
1976,0.0617398172
1977,-0.8065075263
1978,-0.9332555695
1979,-0.201972746
1980,0.7150028887
1981,0.974608165
1982,0.338163189
1983,-0.6091874634
1984,-0.9964539714
1985,-0.4675852935
1986,0.4911791469
1987,0.9983557448
1988,0.5876486751
1989,-0.3633398764
1990,-0.9802754212
1991,-0.6959502645
1992,0.2282283559
1993,0.9425748783
1994,0.7903224046
1995,-0.0885488432
1996,-0.8860086929
1997,-0.8688762364
1998,-0.0529029752
1999,0.8117090374
2000,0.9300395044
